,Individual 1,Individual 2,Interaction,Time
0,Lina Barr,Walker Myers,Lina Barr commented on Walker Myers's photo,07-28-2023 04:56:23
1,Lina Barr,Walker Myers,Lina Barr liked Walker Myers's photo,07-25-2023 03:30:52
2,Lina Barr,Walker Myers,Lina Barr messaged Walker Myers.,07-28-2023 09:13:15
3,Lina Barr,Walker Myers,Walker Myers messaged Lina Barr.,07-26-2023 17:04:38
4,Lina Barr,Walker Myers,Walker Myers shared a post with Lina Barr.,07-24-2023 13:16:50
5,Lina Barr,Walker Myers,Walker Myers shared a post with Lina Barr.,07-25-2023 04:46:30
6,Lina Barr,Walker Myers,Walker Myers commented on Lina Barr's photo,07-26-2023 01:43:24
7,Lina Barr,Walker Myers,Lina Barr liked Walker Myers's photo,07-24-2023 21:31:23
8,Lina Barr,Walker Myers,Walker Myers commented on Lina Barr's photo,07-28-2023 01:44:27
9,Lina Barr,Walker Myers,Walker Myers liked Lina Barr's photo,07-25-2023 12:37:06
10,Lina Barr,Walker Myers,Lina Barr shared a post with Walker Myers.,07-28-2023 02:57:39
11,Lina Barr,Walker Myers,Walker Myers messaged Lina Barr.,07-24-2023 14:52:25
12,Lina Barr,Walker Myers,Walker Myers messaged Lina Barr.,07-27-2023 08:24:28
13,Lina Barr,Walker Myers,Lina Barr shared a post with Walker Myers.,07-28-2023 06:19:20
14,Lina Barr,Walker Myers,Walker Myers shared a post with Lina Barr.,07-25-2023 23:22:15
15,Lina Barr,Walker Myers,Walker Myers shared a post with Lina Barr.,07-24-2023 10:26:28
16,Lina Barr,Walker Myers,Walker Myers shared a post with Lina Barr.,07-27-2023 05:39:03
17,Lina Barr,Walker Myers,Walker Myers messaged Lina Barr.,07-26-2023 03:31:08
18,Lina Barr,Walker Myers,Lina Barr messaged Walker Myers.,07-26-2023 19:19:05
19,Lina Barr,Walker Myers,Walker Myers shared a post with Lina Barr.,07-28-2023 05:41:47
20,Lina Barr,Lilyana Moran,Lilyana Moran commented on Lina Barr's photo,07-26-2023 03:40:37
21,Lina Barr,Lilyana Moran,Lina Barr messaged Lilyana Moran.,07-27-2023 06:40:16
22,Lina Barr,Lilyana Moran,Lilyana Moran liked Lina Barr's photo,07-24-2023 19:14:58
23,Lina Barr,Lilyana Moran,Lilyana Moran shared a post with Lina Barr.,07-28-2023 00:08:22
24,Lina Barr,Lilyana Moran,Lilyana Moran liked Lina Barr's photo,07-28-2023 04:35:51
25,Lina Barr,Lilyana Moran,Lina Barr commented on Lilyana Moran's photo,07-26-2023 07:42:51
26,Lina Barr,Lilyana Moran,Lina Barr liked Lilyana Moran's photo,07-26-2023 04:36:21
27,Lina Barr,Lilyana Moran,Lina Barr messaged Lilyana Moran.,07-24-2023 21:08:07
28,Lina Barr,Lilyana Moran,Lina Barr messaged Lilyana Moran.,07-27-2023 16:10:07
29,Lina Barr,Lilyana Moran,Lina Barr shared a post with Lilyana Moran.,07-25-2023 13:01:43
30,Lina Barr,Lilyana Moran,Lina Barr messaged Lilyana Moran.,07-28-2023 01:33:02
31,Lina Barr,Lilyana Moran,Lina Barr shared a post with Lilyana Moran.,07-28-2023 09:08:34
32,Lina Barr,Lilyana Moran,Lilyana Moran messaged Lina Barr.,07-28-2023 07:23:19
33,Lina Barr,Lilyana Moran,Lina Barr shared a post with Lilyana Moran.,07-28-2023 10:10:05
34,Lina Barr,Lilyana Moran,Lina Barr commented on Lilyana Moran's photo,07-27-2023 03:44:09
35,Lina Barr,Lilyana Moran,Lina Barr shared a post with Lilyana Moran.,07-24-2023 10:46:30
36,Lina Barr,Lilyana Moran,Lilyana Moran shared a post with Lina Barr.,07-26-2023 04:59:33
37,Lina Barr,Lilyana Moran,Lina Barr messaged Lilyana Moran.,07-25-2023 04:47:51
38,Lina Barr,Lilyana Moran,Lilyana Moran messaged Lina Barr.,07-25-2023 15:43:02
39,Lina Barr,Lilyana Moran,Lina Barr liked Lilyana Moran's photo,07-26-2023 16:11:40
40,Lina Barr,Lilyana Moran,Lina Barr shared a post with Lilyana Moran.,07-27-2023 08:56:47
41,Lina Barr,Darren Bowers,Lina Barr shared a post with Darren Bowers.,07-25-2023 14:07:39
42,Lina Barr,Darren Bowers,Darren Bowers commented on Lina Barr's photo,07-25-2023 12:08:44
43,Lina Barr,Darren Bowers,Lina Barr liked Darren Bowers's photo,07-26-2023 16:35:09
44,Lina Barr,Cali Walsh,Lina Barr shared a post with Cali Walsh.,07-27-2023 09:27:09
45,Lina Barr,Cali Walsh,Lina Barr commented on Cali Walsh's photo,07-26-2023 14:26:40
46,Lina Barr,Cali Walsh,Lina Barr shared a post with Cali Walsh.,07-27-2023 21:06:16
47,Lina Barr,Cali Walsh,Lina Barr commented on Cali Walsh's photo,07-24-2023 11:33:52
48,Lina Barr,Cali Walsh,Cali Walsh liked Lina Barr's photo,07-27-2023 15:20:44
49,Lina Barr,Cali Walsh,Lina Barr messaged Cali Walsh.,07-25-2023 06:19:03
50,Lina Barr,Cali Walsh,Cali Walsh liked Lina Barr's photo,07-24-2023 21:18:04
51,Lina Barr,Cali Walsh,Lina Barr messaged Cali Walsh.,07-28-2023 00:41:02
52,Lina Barr,Cali Walsh,Cali Walsh liked Lina Barr's photo,07-27-2023 01:59:24
53,Lina Barr,Cali Walsh,Lina Barr shared a post with Cali Walsh.,07-25-2023 12:57:50
54,Lina Barr,Cali Walsh,Cali Walsh liked Lina Barr's photo,07-26-2023 20:31:18
55,Lina Barr,Cali Walsh,Lina Barr commented on Cali Walsh's photo,07-25-2023 10:08:24
56,Lina Barr,Cali Walsh,Lina Barr commented on Cali Walsh's photo,07-25-2023 05:21:34
57,Walker Myers,Cali Walsh,Cali Walsh messaged Walker Myers.,07-25-2023 11:43:19
58,Walker Myers,Cali Walsh,Cali Walsh liked Walker Myers's photo,07-27-2023 12:26:23
59,Walker Myers,Cali Walsh,Walker Myers liked Cali Walsh's photo,07-26-2023 07:37:24
60,Walker Myers,Cali Walsh,Walker Myers messaged Cali Walsh.,07-25-2023 17:36:20
61,Walker Myers,Cali Walsh,Walker Myers shared a post with Cali Walsh.,07-26-2023 06:07:46
62,Walker Myers,Cali Walsh,Cali Walsh messaged Walker Myers.,07-25-2023 14:48:50
63,Walker Myers,Cali Walsh,Cali Walsh liked Walker Myers's photo,07-25-2023 08:19:06
64,Walker Myers,Cali Walsh,Cali Walsh shared a post with Walker Myers.,07-25-2023 13:19:43
65,Walker Myers,Cali Walsh,Cali Walsh liked Walker Myers's photo,07-28-2023 05:08:50
66,Walker Myers,Cali Walsh,Walker Myers commented on Cali Walsh's photo,07-26-2023 11:17:14
67,Walker Myers,Cali Walsh,Walker Myers shared a post with Cali Walsh.,07-27-2023 05:24:42
68,Walker Myers,Cali Walsh,Cali Walsh liked Walker Myers's photo,07-26-2023 02:12:27
69,Walker Myers,Cali Walsh,Walker Myers shared a post with Cali Walsh.,07-25-2023 19:49:56
70,Walker Myers,Cali Walsh,Walker Myers shared a post with Cali Walsh.,07-27-2023 06:56:30
71,Walker Myers,Cali Walsh,Walker Myers liked Cali Walsh's photo,07-27-2023 07:10:28
72,Walker Myers,Cali Walsh,Walker Myers shared a post with Cali Walsh.,07-26-2023 23:43:36
73,Walker Myers,Cali Walsh,Walker Myers commented on Cali Walsh's photo,07-25-2023 14:46:26
74,Walker Myers,Cali Walsh,Cali Walsh commented on Walker Myers's photo,07-25-2023 00:05:24
75,Lilyana Moran,Maleah Pace,Lilyana Moran commented on Maleah Pace's photo,07-25-2023 17:00:49
76,Lilyana Moran,Maleah Pace,Lilyana Moran commented on Maleah Pace's photo,07-24-2023 21:26:02
77,Lilyana Moran,Maleah Pace,Lilyana Moran commented on Maleah Pace's photo,07-25-2023 10:52:54
78,Lilyana Moran,Maleah Pace,Lilyana Moran messaged Maleah Pace.,07-28-2023 07:52:14
79,Lilyana Moran,Maleah Pace,Maleah Pace commented on Lilyana Moran's photo,07-27-2023 02:51:35
80,Lilyana Moran,Maleah Pace,Maleah Pace messaged Lilyana Moran.,07-25-2023 07:48:34
81,Lilyana Moran,Maleah Pace,Lilyana Moran messaged Maleah Pace.,07-27-2023 09:23:46
82,Lilyana Moran,Maleah Pace,Maleah Pace shared a post with Lilyana Moran.,07-25-2023 00:18:18
83,Lilyana Moran,Maleah Pace,Lilyana Moran messaged Maleah Pace.,07-26-2023 15:13:44
84,Lilyana Moran,Maleah Pace,Lilyana Moran shared a post with Maleah Pace.,07-25-2023 08:28:09
85,Lilyana Moran,Maleah Pace,Lilyana Moran liked Maleah Pace's photo,07-24-2023 19:45:27
86,Lilyana Moran,Maleah Pace,Lilyana Moran shared a post with Maleah Pace.,07-26-2023 00:27:34
87,Lilyana Moran,Maleah Pace,Maleah Pace liked Lilyana Moran's photo,07-27-2023 12:40:41
88,Lilyana Moran,Maleah Pace,Lilyana Moran shared a post with Maleah Pace.,07-26-2023 13:28:08
89,Lilyana Moran,Maleah Pace,Maleah Pace messaged Lilyana Moran.,07-27-2023 13:58:42
90,Lilyana Moran,Maleah Pace,Lilyana Moran shared a post with Maleah Pace.,07-25-2023 07:32:41
91,Lilyana Moran,Maleah Pace,Maleah Pace messaged Lilyana Moran.,07-26-2023 00:23:41
92,Lilyana Moran,Maleah Pace,Maleah Pace messaged Lilyana Moran.,07-25-2023 14:13:53
93,Lilyana Moran,Maleah Pace,Lilyana Moran liked Maleah Pace's photo,07-26-2023 04:51:53
94,Lilyana Moran,Maleah Pace,Maleah Pace liked Lilyana Moran's photo,07-26-2023 01:20:28
95,Lilyana Moran,Maleah Pace,Lilyana Moran commented on Maleah Pace's photo,07-26-2023 21:53:30
96,Lilyana Moran,Maleah Pace,Lilyana Moran shared a post with Maleah Pace.,07-26-2023 05:25:12
97,Monica Hernandez,Walker Myers,Walker Myers commented on Monica Hernandez's photo,07-25-2023 14:15:10
98,Monica Hernandez,Walker Myers,Monica Hernandez shared a post with Walker Myers.,07-25-2023 15:20:03
99,Monica Hernandez,Walker Myers,Walker Myers shared a post with Monica Hernandez.,07-25-2023 03:10:40
100,Monica Hernandez,Walker Myers,Monica Hernandez commented on Walker Myers's photo,07-25-2023 15:09:44
101,Monica Hernandez,Walker Myers,Monica Hernandez messaged Walker Myers.,07-27-2023 09:54:34
102,Monica Hernandez,Walker Myers,Walker Myers liked Monica Hernandez's photo,07-26-2023 22:36:13
103,Monica Hernandez,Walker Myers,Walker Myers messaged Monica Hernandez.,07-28-2023 04:16:14
104,Monica Hernandez,Walker Myers,Monica Hernandez commented on Walker Myers's photo,07-25-2023 04:14:52
105,Monica Hernandez,Walker Myers,Walker Myers commented on Monica Hernandez's photo,07-26-2023 09:15:27
106,Monica Hernandez,Walker Myers,Monica Hernandez liked Walker Myers's photo,07-25-2023 10:31:54
107,Monica Hernandez,Walker Myers,Monica Hernandez messaged Walker Myers.,07-25-2023 04:19:23
108,Monica Hernandez,Walker Myers,Walker Myers shared a post with Monica Hernandez.,07-25-2023 09:54:24
109,Monica Hernandez,Walker Myers,Walker Myers liked Monica Hernandez's photo,07-25-2023 21:46:17
110,Monica Hernandez,Walker Myers,Walker Myers commented on Monica Hernandez's photo,07-28-2023 00:08:55
111,Monica Hernandez,Walker Myers,Walker Myers commented on Monica Hernandez's photo,07-24-2023 10:38:28
112,Monica Hernandez,Walker Myers,Monica Hernandez shared a post with Walker Myers.,07-24-2023 23:30:13
113,Monica Hernandez,Walker Myers,Walker Myers commented on Monica Hernandez's photo,07-27-2023 09:24:37
114,Monica Hernandez,Walker Myers,Monica Hernandez shared a post with Walker Myers.,07-27-2023 06:57:03
115,Monica Hernandez,Walker Myers,Monica Hernandez shared a post with Walker Myers.,07-27-2023 23:36:02
116,Monica Hernandez,Walker Myers,Monica Hernandez commented on Walker Myers's photo,07-25-2023 18:23:17
117,Monica Hernandez,Walker Myers,Monica Hernandez messaged Walker Myers.,07-26-2023 11:25:14
118,Monica Hernandez,Walker Myers,Monica Hernandez messaged Walker Myers.,07-26-2023 08:46:13
119,Monica Hernandez,Walker Myers,Walker Myers shared a post with Monica Hernandez.,07-27-2023 03:30:49
120,Monica Hernandez,Walker Myers,Monica Hernandez liked Walker Myers's photo,07-26-2023 14:28:50
121,Monica Hernandez,Libby Morse,Monica Hernandez shared a post with Libby Morse.,07-25-2023 13:38:38
122,Monica Hernandez,Libby Morse,Monica Hernandez shared a post with Libby Morse.,07-26-2023 18:52:08
123,Monica Hernandez,Libby Morse,Monica Hernandez liked Libby Morse's photo,07-25-2023 07:18:26
124,Monica Hernandez,Libby Morse,Libby Morse shared a post with Monica Hernandez.,07-25-2023 03:21:07
125,Monica Hernandez,Libby Morse,Monica Hernandez commented on Libby Morse's photo,07-28-2023 00:43:44
126,Monica Hernandez,Libby Morse,Libby Morse liked Monica Hernandez's photo,07-28-2023 08:31:17
127,Monica Hernandez,Libby Morse,Libby Morse shared a post with Monica Hernandez.,07-28-2023 06:18:09
128,Monica Hernandez,Libby Morse,Monica Hernandez liked Libby Morse's photo,07-26-2023 12:25:04
129,Monica Hernandez,Libby Morse,Monica Hernandez shared a post with Libby Morse.,07-26-2023 18:55:40
130,Monica Hernandez,Libby Morse,Monica Hernandez shared a post with Libby Morse.,07-26-2023 13:53:59
131,Monica Hernandez,Libby Morse,Libby Morse shared a post with Monica Hernandez.,07-26-2023 11:39:11
132,Monica Hernandez,Libby Morse,Libby Morse liked Monica Hernandez's photo,07-26-2023 09:37:43
133,Monica Hernandez,Nathaniel Graham,Monica Hernandez messaged Nathaniel Graham.,07-24-2023 16:33:14
134,Monica Hernandez,Nathaniel Graham,Nathaniel Graham liked Monica Hernandez's photo,07-25-2023 17:35:55
135,Monica Hernandez,Nathaniel Graham,Monica Hernandez liked Nathaniel Graham's photo,07-26-2023 09:09:12
136,Monica Hernandez,Nathaniel Graham,Nathaniel Graham messaged Monica Hernandez.,07-25-2023 20:55:00
137,Monica Hernandez,Nathaniel Graham,Nathaniel Graham shared a post with Monica Hernandez.,07-28-2023 03:58:27
138,Tatiana Waldorf,Jocelynn Moore,Jocelynn Moore shared a post with Tatiana Waldorf.,07-24-2023 23:42:45
139,Tatiana Waldorf,Jocelynn Moore,Tatiana Waldorf messaged Jocelynn Moore.,07-27-2023 07:44:56
140,Tatiana Waldorf,Jocelynn Moore,Tatiana Waldorf liked Jocelynn Moore's photo,07-25-2023 12:41:37
141,Tatiana Waldorf,Jocelynn Moore,Tatiana Waldorf messaged Jocelynn Moore.,07-27-2023 22:05:30
142,Tatiana Waldorf,Jocelynn Moore,Jocelynn Moore commented on Tatiana Waldorf's photo,07-25-2023 11:32:27
143,Tatiana Waldorf,Jocelynn Moore,Tatiana Waldorf messaged Jocelynn Moore.,07-28-2023 07:01:06
144,Tatiana Waldorf,Jocelynn Moore,Tatiana Waldorf commented on Jocelynn Moore's photo,07-25-2023 07:07:12
145,Tatiana Waldorf,Jocelynn Moore,Tatiana Waldorf messaged Jocelynn Moore.,07-24-2023 18:38:28
146,Tatiana Waldorf,Jocelynn Moore,Jocelynn Moore commented on Tatiana Waldorf's photo,07-26-2023 12:58:19
147,Tatiana Waldorf,Jocelynn Moore,Jocelynn Moore commented on Tatiana Waldorf's photo,07-24-2023 14:16:39
148,Tatiana Waldorf,Jocelynn Moore,Jocelynn Moore commented on Tatiana Waldorf's photo,07-26-2023 09:53:45
149,Tatiana Waldorf,Jocelynn Moore,Jocelynn Moore messaged Tatiana Waldorf.,07-25-2023 17:49:59
150,Tatiana Waldorf,Jocelynn Moore,Tatiana Waldorf liked Jocelynn Moore's photo,07-27-2023 13:29:07
151,Tatiana Waldorf,Jocelynn Moore,Tatiana Waldorf commented on Jocelynn Moore's photo,07-27-2023 07:22:54
152,Tatiana Waldorf,Jocelynn Moore,Tatiana Waldorf commented on Jocelynn Moore's photo,07-28-2023 03:57:42
153,Tatiana Waldorf,Jocelynn Moore,Jocelynn Moore messaged Tatiana Waldorf.,07-27-2023 00:29:24
154,Tatiana Waldorf,Jocelynn Moore,Tatiana Waldorf messaged Jocelynn Moore.,07-27-2023 20:32:42
155,Tatiana Waldorf,Jocelynn Moore,Jocelynn Moore liked Tatiana Waldorf's photo,07-25-2023 15:38:11
156,Tatiana Waldorf,Libby Morse,Libby Morse commented on Tatiana Waldorf's photo,07-27-2023 23:55:24
157,Tatiana Waldorf,Libby Morse,Tatiana Waldorf messaged Libby Morse.,07-27-2023 18:01:51
158,Tatiana Waldorf,Libby Morse,Tatiana Waldorf messaged Libby Morse.,07-26-2023 15:48:39
159,Tatiana Waldorf,Libby Morse,Libby Morse shared a post with Tatiana Waldorf.,07-27-2023 03:56:21
160,Tatiana Waldorf,Libby Morse,Libby Morse liked Tatiana Waldorf's photo,07-26-2023 07:17:59
161,Tatiana Waldorf,Libby Morse,Libby Morse commented on Tatiana Waldorf's photo,07-28-2023 06:39:05
162,Tatiana Waldorf,Libby Morse,Tatiana Waldorf commented on Libby Morse's photo,07-25-2023 17:19:02
163,Tatiana Waldorf,Libby Morse,Libby Morse messaged Tatiana Waldorf.,07-27-2023 18:34:59
164,Tatiana Waldorf,Libby Morse,Libby Morse messaged Tatiana Waldorf.,07-28-2023 07:17:28
165,Tatiana Waldorf,Libby Morse,Tatiana Waldorf commented on Libby Morse's photo,07-28-2023 00:40:49
166,Tatiana Waldorf,Libby Morse,Tatiana Waldorf commented on Libby Morse's photo,07-28-2023 07:59:16
167,Tatiana Waldorf,Libby Morse,Libby Morse liked Tatiana Waldorf's photo,07-27-2023 07:15:43
168,Tatiana Waldorf,Libby Morse,Libby Morse shared a post with Tatiana Waldorf.,07-27-2023 18:25:26
169,Tatiana Waldorf,Brenden Webster,Tatiana Waldorf messaged Brenden Webster.,07-24-2023 14:12:23
170,Tatiana Waldorf,Brenden Webster,Tatiana Waldorf liked Brenden Webster's photo,07-27-2023 17:19:17
171,Tatiana Waldorf,Brenden Webster,Tatiana Waldorf shared a post with Brenden Webster.,07-26-2023 08:49:26
172,Tatiana Waldorf,Cali Walsh,Cali Walsh messaged Tatiana Waldorf.,07-27-2023 05:45:02
173,Tatiana Waldorf,Cali Walsh,Tatiana Waldorf commented on Cali Walsh's photo,07-25-2023 00:46:32
174,Tatiana Waldorf,Cali Walsh,Cali Walsh liked Tatiana Waldorf's photo,07-27-2023 04:12:37
175,Tatiana Waldorf,Cali Walsh,Cali Walsh liked Tatiana Waldorf's photo,07-27-2023 07:03:05
176,Tatiana Waldorf,Cali Walsh,Cali Walsh liked Tatiana Waldorf's photo,07-26-2023 02:05:41
177,Tatiana Waldorf,Cali Walsh,Tatiana Waldorf messaged Cali Walsh.,07-26-2023 14:29:02
178,Tatiana Waldorf,Cali Walsh,Cali Walsh messaged Tatiana Waldorf.,07-24-2023 11:28:43
179,Tatiana Waldorf,Cali Walsh,Cali Walsh messaged Tatiana Waldorf.,07-25-2023 17:48:07
180,Tatiana Waldorf,Cali Walsh,Tatiana Waldorf shared a post with Cali Walsh.,07-27-2023 15:31:24
181,Tatiana Waldorf,Cali Walsh,Tatiana Waldorf messaged Cali Walsh.,07-26-2023 00:18:40
182,Tatiana Waldorf,Cali Walsh,Cali Walsh liked Tatiana Waldorf's photo,07-24-2023 17:28:41
183,Tatiana Waldorf,Cali Walsh,Cali Walsh commented on Tatiana Waldorf's photo,07-24-2023 15:38:43
184,Tatiana Waldorf,Cali Walsh,Tatiana Waldorf liked Cali Walsh's photo,07-26-2023 00:34:08
185,Tatiana Waldorf,Cali Walsh,Tatiana Waldorf liked Cali Walsh's photo,07-26-2023 04:48:53
186,Tatiana Waldorf,Cali Walsh,Tatiana Waldorf commented on Cali Walsh's photo,07-27-2023 11:16:58
187,Tatiana Waldorf,Cali Walsh,Cali Walsh messaged Tatiana Waldorf.,07-27-2023 03:49:47
188,Tatiana Waldorf,Cali Walsh,Cali Walsh messaged Tatiana Waldorf.,07-26-2023 09:29:12
189,Tatiana Waldorf,Cali Walsh,Tatiana Waldorf messaged Cali Walsh.,07-24-2023 11:17:12
190,Tatiana Waldorf,Cali Walsh,Cali Walsh commented on Tatiana Waldorf's photo,07-26-2023 02:32:04
191,Tatiana Waldorf,Cali Walsh,Tatiana Waldorf liked Cali Walsh's photo,07-26-2023 02:53:13
192,Tatiana Waldorf,Cali Walsh,Cali Walsh commented on Tatiana Waldorf's photo,07-24-2023 23:48:39
193,Tatiana Waldorf,Cali Walsh,Tatiana Waldorf shared a post with Cali Walsh.,07-26-2023 19:46:06
194,Tatiana Waldorf,Cali Walsh,Tatiana Waldorf shared a post with Cali Walsh.,07-26-2023 00:57:31
195,Abril Conway,Brenden Webster,Abril Conway liked Brenden Webster's photo,07-25-2023 12:44:08
196,Abril Conway,Brenden Webster,Abril Conway liked Brenden Webster's photo,07-24-2023 22:54:14
197,Abril Conway,Brenden Webster,Brenden Webster commented on Abril Conway's photo,07-27-2023 21:33:09
198,Abril Conway,Brenden Webster,Brenden Webster shared a post with Abril Conway.,07-27-2023 02:03:42
199,Jocelynn Moore,Justice Dorsey,Jocelynn Moore commented on Justice Dorsey's photo,07-25-2023 13:55:29
200,Jocelynn Moore,Justice Dorsey,Jocelynn Moore messaged Justice Dorsey.,07-26-2023 19:53:26
201,Jocelynn Moore,Justice Dorsey,Jocelynn Moore shared a post with Justice Dorsey.,07-25-2023 04:06:19
202,Jocelynn Moore,Justice Dorsey,Justice Dorsey commented on Jocelynn Moore's photo,07-27-2023 09:56:26
203,Jocelynn Moore,Justice Dorsey,Jocelynn Moore commented on Justice Dorsey's photo,07-27-2023 17:00:20
204,Jocelynn Moore,Justice Dorsey,Justice Dorsey messaged Jocelynn Moore.,07-25-2023 18:21:30
205,Jocelynn Moore,Justice Dorsey,Justice Dorsey shared a post with Jocelynn Moore.,07-26-2023 23:31:00
206,Jocelynn Moore,Justice Dorsey,Justice Dorsey commented on Jocelynn Moore's photo,07-28-2023 03:13:30
207,Jocelynn Moore,Justice Dorsey,Jocelynn Moore messaged Justice Dorsey.,07-26-2023 06:31:50
208,Jocelynn Moore,Justice Dorsey,Justice Dorsey commented on Jocelynn Moore's photo,07-25-2023 03:44:09
209,Jocelynn Moore,Justice Dorsey,Jocelynn Moore liked Justice Dorsey's photo,07-26-2023 11:40:28
210,Jocelynn Moore,Justice Dorsey,Justice Dorsey commented on Jocelynn Moore's photo,07-26-2023 14:54:26
211,Jocelynn Moore,Justice Dorsey,Jocelynn Moore liked Justice Dorsey's photo,07-26-2023 08:57:00
212,Jocelynn Moore,Justice Dorsey,Justice Dorsey messaged Jocelynn Moore.,07-24-2023 16:30:34
213,Jocelynn Moore,Justice Dorsey,Jocelynn Moore commented on Justice Dorsey's photo,07-24-2023 19:39:42
214,Jocelynn Moore,Justice Dorsey,Justice Dorsey messaged Jocelynn Moore.,07-27-2023 16:39:12
215,Jocelynn Moore,Maleah Pace,Maleah Pace liked Jocelynn Moore's photo,07-26-2023 09:21:53
216,Jocelynn Moore,Maleah Pace,Jocelynn Moore liked Maleah Pace's photo,07-27-2023 04:09:24
217,Jocelynn Moore,Maleah Pace,Maleah Pace liked Jocelynn Moore's photo,07-27-2023 21:41:14
218,Jocelynn Moore,Maleah Pace,Maleah Pace commented on Jocelynn Moore's photo,07-27-2023 16:41:27
219,Jocelynn Moore,Maleah Pace,Maleah Pace shared a post with Jocelynn Moore.,07-26-2023 11:47:30
220,Jocelynn Moore,Maleah Pace,Maleah Pace liked Jocelynn Moore's photo,07-25-2023 08:38:16
221,Jocelynn Moore,Maleah Pace,Jocelynn Moore shared a post with Maleah Pace.,07-24-2023 22:22:58
222,Jocelynn Moore,Maleah Pace,Maleah Pace liked Jocelynn Moore's photo,07-26-2023 10:09:19
223,Jocelynn Moore,Maleah Pace,Maleah Pace shared a post with Jocelynn Moore.,07-27-2023 09:33:28
224,Jocelynn Moore,Maleah Pace,Jocelynn Moore liked Maleah Pace's photo,07-26-2023 05:27:10
225,Jocelynn Moore,Maleah Pace,Maleah Pace messaged Jocelynn Moore.,07-26-2023 17:19:39
226,Jocelynn Moore,Maleah Pace,Jocelynn Moore messaged Maleah Pace.,07-26-2023 20:51:48
227,Jocelynn Moore,Maleah Pace,Jocelynn Moore shared a post with Maleah Pace.,07-24-2023 13:52:34
228,Jocelynn Moore,Maleah Pace,Jocelynn Moore messaged Maleah Pace.,07-25-2023 03:17:05
229,Jocelynn Moore,Maleah Pace,Maleah Pace liked Jocelynn Moore's photo,07-24-2023 11:34:17
230,Jocelynn Moore,Maleah Pace,Jocelynn Moore messaged Maleah Pace.,07-27-2023 15:04:44
231,Jocelynn Moore,Maleah Pace,Maleah Pace liked Jocelynn Moore's photo,07-25-2023 05:55:47
232,Jocelynn Moore,Maleah Pace,Jocelynn Moore shared a post with Maleah Pace.,07-27-2023 07:10:24
233,Jocelynn Moore,Darren Bowers,Jocelynn Moore commented on Darren Bowers's photo,07-25-2023 01:07:10
234,Jocelynn Moore,Darren Bowers,Jocelynn Moore commented on Darren Bowers's photo,07-28-2023 07:21:57
235,Jocelynn Moore,Darren Bowers,Darren Bowers messaged Jocelynn Moore.,07-25-2023 11:18:06
236,Jocelynn Moore,Darren Bowers,Jocelynn Moore shared a post with Darren Bowers.,07-28-2023 00:24:03
237,Jocelynn Moore,Darren Bowers,Jocelynn Moore commented on Darren Bowers's photo,07-26-2023 19:22:14
238,Maleah Pace,Walker Myers,Walker Myers liked Maleah Pace's photo,07-26-2023 16:07:54
239,Maleah Pace,Walker Myers,Maleah Pace shared a post with Walker Myers.,07-25-2023 22:33:20
240,Maleah Pace,Walker Myers,Maleah Pace commented on Walker Myers's photo,07-27-2023 09:13:25
241,Maleah Pace,Walker Myers,Walker Myers commented on Maleah Pace's photo,07-25-2023 22:27:25
242,Maleah Pace,Walker Myers,Walker Myers messaged Maleah Pace.,07-26-2023 17:27:32
243,Maleah Pace,Walker Myers,Walker Myers commented on Maleah Pace's photo,07-24-2023 14:19:26
244,Maleah Pace,Walker Myers,Walker Myers shared a post with Maleah Pace.,07-24-2023 17:14:04
245,Maleah Pace,Walker Myers,Maleah Pace liked Walker Myers's photo,07-25-2023 00:43:20
246,Maleah Pace,Walker Myers,Walker Myers liked Maleah Pace's photo,07-25-2023 00:18:28
247,Maleah Pace,Walker Myers,Maleah Pace messaged Walker Myers.,07-26-2023 04:14:46
248,Maleah Pace,Walker Myers,Maleah Pace commented on Walker Myers's photo,07-27-2023 08:18:06
249,Maleah Pace,Walker Myers,Maleah Pace shared a post with Walker Myers.,07-24-2023 14:29:55
250,Maleah Pace,Walker Myers,Walker Myers shared a post with Maleah Pace.,07-28-2023 02:52:46
251,Maleah Pace,Walker Myers,Walker Myers messaged Maleah Pace.,07-25-2023 21:16:44
252,Maleah Pace,Nathaniel Graham,Maleah Pace shared a post with Nathaniel Graham.,07-26-2023 18:20:14
253,Maleah Pace,Nathaniel Graham,Nathaniel Graham messaged Maleah Pace.,07-27-2023 02:01:31
254,Maleah Pace,Nathaniel Graham,Maleah Pace shared a post with Nathaniel Graham.,07-24-2023 14:34:58
255,Maleah Pace,Nathaniel Graham,Maleah Pace shared a post with Nathaniel Graham.,07-26-2023 14:44:03
256,Maleah Pace,Nathaniel Graham,Maleah Pace messaged Nathaniel Graham.,07-25-2023 20:37:22
257,Maleah Pace,Darren Bowers,Darren Bowers shared a post with Maleah Pace.,07-27-2023 22:52:50
258,Maleah Pace,Darren Bowers,Darren Bowers commented on Maleah Pace's photo,07-27-2023 22:53:12
259,Maleah Pace,Darren Bowers,Darren Bowers commented on Maleah Pace's photo,07-25-2023 21:38:00
260,Maleah Pace,Brenden Webster,Brenden Webster messaged Maleah Pace.,07-27-2023 16:50:18
261,Maleah Pace,Brenden Webster,Brenden Webster commented on Maleah Pace's photo,07-28-2023 06:28:30
262,Maleah Pace,Brenden Webster,Maleah Pace liked Brenden Webster's photo,07-28-2023 08:20:22
263,Maleah Pace,Brenden Webster,Maleah Pace liked Brenden Webster's photo,07-25-2023 19:05:43
264,Maleah Pace,Brenden Webster,Maleah Pace shared a post with Brenden Webster.,07-24-2023 20:23:30
265,Maleah Pace,Brenden Webster,Maleah Pace shared a post with Brenden Webster.,07-26-2023 02:21:58
266,Maleah Pace,Brenden Webster,Maleah Pace commented on Brenden Webster's photo,07-27-2023 12:21:52
267,Maleah Pace,Brenden Webster,Brenden Webster commented on Maleah Pace's photo,07-27-2023 08:01:01
268,Maleah Pace,Brenden Webster,Brenden Webster liked Maleah Pace's photo,07-25-2023 08:15:40
269,Maleah Pace,Brenden Webster,Maleah Pace liked Brenden Webster's photo,07-26-2023 11:47:12
270,Maleah Pace,Brenden Webster,Brenden Webster liked Maleah Pace's photo,07-26-2023 16:12:07
271,Maleah Pace,Brenden Webster,Maleah Pace liked Brenden Webster's photo,07-27-2023 19:54:35
272,Maleah Pace,Brenden Webster,Brenden Webster commented on Maleah Pace's photo,07-25-2023 17:16:48
273,Maleah Pace,Brenden Webster,Brenden Webster messaged Maleah Pace.,07-25-2023 03:39:34
274,Maleah Pace,Brenden Webster,Brenden Webster commented on Maleah Pace's photo,07-27-2023 15:50:59
275,Maleah Pace,Brenden Webster,Maleah Pace commented on Brenden Webster's photo,07-25-2023 19:26:08
276,Maleah Pace,Brenden Webster,Brenden Webster commented on Maleah Pace's photo,07-25-2023 21:38:04
277,Maleah Pace,Brenden Webster,Maleah Pace commented on Brenden Webster's photo,07-27-2023 19:36:56
278,Maleah Pace,Brenden Webster,Brenden Webster shared a post with Maleah Pace.,07-27-2023 08:05:32
279,Maleah Pace,Brenden Webster,Maleah Pace shared a post with Brenden Webster.,07-27-2023 03:20:48
280,Libby Morse,Lilyana Moran,Libby Morse commented on Lilyana Moran's photo,07-25-2023 14:30:36
281,Libby Morse,Lilyana Moran,Libby Morse commented on Lilyana Moran's photo,07-26-2023 23:37:55
282,Libby Morse,Lilyana Moran,Lilyana Moran liked Libby Morse's photo,07-27-2023 15:27:04
283,Libby Morse,Lilyana Moran,Lilyana Moran shared a post with Libby Morse.,07-27-2023 21:26:33
284,Libby Morse,Lilyana Moran,Lilyana Moran commented on Libby Morse's photo,07-24-2023 19:36:22
285,Libby Morse,Lilyana Moran,Lilyana Moran commented on Libby Morse's photo,07-25-2023 01:15:02
286,Libby Morse,Lilyana Moran,Lilyana Moran shared a post with Libby Morse.,07-25-2023 00:09:57
287,Libby Morse,Lilyana Moran,Lilyana Moran liked Libby Morse's photo,07-25-2023 12:59:17
288,Libby Morse,Lilyana Moran,Libby Morse liked Lilyana Moran's photo,07-24-2023 18:34:13
289,Libby Morse,Lilyana Moran,Libby Morse messaged Lilyana Moran.,07-27-2023 05:15:34
290,Libby Morse,Lilyana Moran,Libby Morse messaged Lilyana Moran.,07-25-2023 20:46:18
291,Libby Morse,Lilyana Moran,Libby Morse messaged Lilyana Moran.,07-27-2023 23:39:59
292,Libby Morse,Lilyana Moran,Lilyana Moran shared a post with Libby Morse.,07-25-2023 00:23:58
293,Libby Morse,Lilyana Moran,Libby Morse commented on Lilyana Moran's photo,07-28-2023 04:51:09
294,Libby Morse,Lilyana Moran,Libby Morse commented on Lilyana Moran's photo,07-28-2023 08:49:59
295,Libby Morse,Lilyana Moran,Lilyana Moran shared a post with Libby Morse.,07-25-2023 05:58:20
296,Libby Morse,Lilyana Moran,Lilyana Moran messaged Libby Morse.,07-26-2023 01:35:05
297,Libby Morse,Lilyana Moran,Libby Morse liked Lilyana Moran's photo,07-25-2023 18:39:17
298,Libby Morse,Lilyana Moran,Lilyana Moran commented on Libby Morse's photo,07-25-2023 18:26:34
299,Libby Morse,Lilyana Moran,Lilyana Moran commented on Libby Morse's photo,07-26-2023 05:10:45
300,Libby Morse,Lilyana Moran,Lilyana Moran messaged Libby Morse.,07-26-2023 14:28:30
301,Libby Morse,Lilyana Moran,Lilyana Moran shared a post with Libby Morse.,07-25-2023 15:55:00
302,Libby Morse,Lilyana Moran,Lilyana Moran commented on Libby Morse's photo,07-26-2023 13:45:55
303,Libby Morse,Lilyana Moran,Lilyana Moran messaged Libby Morse.,07-25-2023 22:46:31
304,Libby Morse,Maleah Pace,Libby Morse commented on Maleah Pace's photo,07-26-2023 18:53:29
305,Libby Morse,Maleah Pace,Libby Morse messaged Maleah Pace.,07-26-2023 18:35:03
306,Libby Morse,Maleah Pace,Maleah Pace commented on Libby Morse's photo,07-26-2023 17:23:03
307,Libby Morse,Maleah Pace,Maleah Pace commented on Libby Morse's photo,07-25-2023 00:07:09
308,Libby Morse,Maleah Pace,Libby Morse liked Maleah Pace's photo,07-25-2023 12:27:25
309,Libby Morse,Maleah Pace,Maleah Pace liked Libby Morse's photo,07-24-2023 11:49:18
310,Libby Morse,Maleah Pace,Libby Morse commented on Maleah Pace's photo,07-25-2023 12:22:19
311,Libby Morse,Maleah Pace,Maleah Pace messaged Libby Morse.,07-24-2023 23:33:54
312,Libby Morse,Maleah Pace,Libby Morse commented on Maleah Pace's photo,07-24-2023 22:54:11
313,Libby Morse,Maleah Pace,Libby Morse messaged Maleah Pace.,07-25-2023 21:34:04
314,Libby Morse,Maleah Pace,Libby Morse messaged Maleah Pace.,07-26-2023 15:22:34
315,Libby Morse,Maleah Pace,Libby Morse liked Maleah Pace's photo,07-27-2023 05:21:10
316,Libby Morse,Maleah Pace,Libby Morse messaged Maleah Pace.,07-27-2023 18:38:17
317,Libby Morse,Maleah Pace,Libby Morse commented on Maleah Pace's photo,07-27-2023 00:49:40
318,Libby Morse,Maleah Pace,Maleah Pace commented on Libby Morse's photo,07-24-2023 22:17:39
319,Libby Morse,Maleah Pace,Maleah Pace shared a post with Libby Morse.,07-28-2023 03:00:13
320,Libby Morse,Maleah Pace,Maleah Pace commented on Libby Morse's photo,07-26-2023 01:55:37
321,Libby Morse,Maleah Pace,Libby Morse messaged Maleah Pace.,07-28-2023 06:09:41
322,Libby Morse,Maleah Pace,Maleah Pace messaged Libby Morse.,07-28-2023 03:20:25
323,Libby Morse,Maleah Pace,Maleah Pace shared a post with Libby Morse.,07-25-2023 01:26:04
324,Libby Morse,Maleah Pace,Libby Morse shared a post with Maleah Pace.,07-27-2023 02:17:59
325,Libby Morse,Maleah Pace,Maleah Pace commented on Libby Morse's photo,07-26-2023 15:26:34
326,Libby Morse,Maleah Pace,Maleah Pace shared a post with Libby Morse.,07-27-2023 20:35:41
327,Libby Morse,Maleah Pace,Libby Morse commented on Maleah Pace's photo,07-25-2023 14:59:06
328,Libby Morse,Nathaniel Graham,Nathaniel Graham messaged Libby Morse.,07-25-2023 13:03:19
329,Libby Morse,Nathaniel Graham,Libby Morse commented on Nathaniel Graham's photo,07-26-2023 02:43:26
330,Libby Morse,Nathaniel Graham,Nathaniel Graham messaged Libby Morse.,07-27-2023 13:00:45
331,Libby Morse,Nathaniel Graham,Libby Morse liked Nathaniel Graham's photo,07-25-2023 00:42:08
332,Libby Morse,Nathaniel Graham,Nathaniel Graham liked Libby Morse's photo,07-24-2023 16:57:37
333,Libby Morse,Nathaniel Graham,Nathaniel Graham liked Libby Morse's photo,07-25-2023 22:43:08
334,Libby Morse,Nathaniel Graham,Libby Morse commented on Nathaniel Graham's photo,07-27-2023 22:04:35
335,Libby Morse,Nathaniel Graham,Libby Morse messaged Nathaniel Graham.,07-25-2023 22:53:49
336,Libby Morse,Nathaniel Graham,Nathaniel Graham messaged Libby Morse.,07-26-2023 11:18:09
337,Libby Morse,Nathaniel Graham,Nathaniel Graham shared a post with Libby Morse.,07-24-2023 22:40:32
338,Libby Morse,Nathaniel Graham,Nathaniel Graham messaged Libby Morse.,07-26-2023 04:11:33
339,Libby Morse,Cali Walsh,Libby Morse liked Cali Walsh's photo,07-26-2023 08:26:25
340,Libby Morse,Cali Walsh,Libby Morse commented on Cali Walsh's photo,07-25-2023 07:52:01
341,Libby Morse,Cali Walsh,Libby Morse messaged Cali Walsh.,07-27-2023 00:19:01
342,Libby Morse,Cali Walsh,Cali Walsh messaged Libby Morse.,07-26-2023 08:02:43
343,Nathaniel Graham,Justice Dorsey,Nathaniel Graham liked Justice Dorsey's photo,07-27-2023 04:29:48
344,Nathaniel Graham,Justice Dorsey,Nathaniel Graham shared a post with Justice Dorsey.,07-26-2023 02:37:34
345,Nathaniel Graham,Justice Dorsey,Nathaniel Graham messaged Justice Dorsey.,07-26-2023 12:40:11
346,Nathaniel Graham,Justice Dorsey,Nathaniel Graham liked Justice Dorsey's photo,07-26-2023 05:09:52
347,Nathaniel Graham,Justice Dorsey,Justice Dorsey messaged Nathaniel Graham.,07-28-2023 02:40:12
348,Nathaniel Graham,Justice Dorsey,Nathaniel Graham liked Justice Dorsey's photo,07-24-2023 22:13:06
349,Nathaniel Graham,Justice Dorsey,Justice Dorsey messaged Nathaniel Graham.,07-26-2023 01:19:44
350,Nathaniel Graham,Justice Dorsey,Justice Dorsey liked Nathaniel Graham's photo,07-24-2023 16:48:03
351,Nathaniel Graham,Justice Dorsey,Justice Dorsey liked Nathaniel Graham's photo,07-25-2023 10:17:05
352,Nathaniel Graham,Justice Dorsey,Justice Dorsey shared a post with Nathaniel Graham.,07-28-2023 05:03:54
353,Nathaniel Graham,Justice Dorsey,Nathaniel Graham shared a post with Justice Dorsey.,07-26-2023 09:52:32
354,Nathaniel Graham,Justice Dorsey,Nathaniel Graham commented on Justice Dorsey's photo,07-25-2023 19:02:48
355,Nathaniel Graham,Justice Dorsey,Nathaniel Graham liked Justice Dorsey's photo,07-27-2023 03:36:21
356,Nathaniel Graham,Justice Dorsey,Justice Dorsey liked Nathaniel Graham's photo,07-25-2023 13:08:22
357,Nathaniel Graham,Justice Dorsey,Justice Dorsey liked Nathaniel Graham's photo,07-24-2023 14:13:32
358,Nathaniel Graham,Justice Dorsey,Justice Dorsey messaged Nathaniel Graham.,07-28-2023 01:37:46
359,Nathaniel Graham,Justice Dorsey,Justice Dorsey commented on Nathaniel Graham's photo,07-27-2023 05:11:30
360,Nathaniel Graham,Justice Dorsey,Nathaniel Graham shared a post with Justice Dorsey.,07-27-2023 12:18:57
361,Nathaniel Graham,Justice Dorsey,Justice Dorsey liked Nathaniel Graham's photo,07-24-2023 21:26:42
362,Nathaniel Graham,Lilyana Moran,Lilyana Moran messaged Nathaniel Graham.,07-26-2023 00:16:27
363,Nathaniel Graham,Lilyana Moran,Nathaniel Graham messaged Lilyana Moran.,07-24-2023 17:03:01
364,Nathaniel Graham,Lilyana Moran,Lilyana Moran liked Nathaniel Graham's photo,07-25-2023 01:56:13
365,Nathaniel Graham,Lilyana Moran,Lilyana Moran liked Nathaniel Graham's photo,07-26-2023 06:32:42
366,Nathaniel Graham,Lilyana Moran,Nathaniel Graham messaged Lilyana Moran.,07-27-2023 00:36:06
367,Nathaniel Graham,Lilyana Moran,Lilyana Moran messaged Nathaniel Graham.,07-25-2023 02:29:24
368,Nathaniel Graham,Lilyana Moran,Lilyana Moran commented on Nathaniel Graham's photo,07-27-2023 04:39:51
369,Nathaniel Graham,Lilyana Moran,Nathaniel Graham shared a post with Lilyana Moran.,07-26-2023 01:01:59
370,Nathaniel Graham,Lilyana Moran,Lilyana Moran shared a post with Nathaniel Graham.,07-24-2023 21:38:07
371,Nathaniel Graham,Lilyana Moran,Nathaniel Graham commented on Lilyana Moran's photo,07-28-2023 08:04:01
372,Nathaniel Graham,Lilyana Moran,Lilyana Moran messaged Nathaniel Graham.,07-26-2023 03:22:47
373,Nathaniel Graham,Lilyana Moran,Nathaniel Graham messaged Lilyana Moran.,07-25-2023 15:33:44
374,Nathaniel Graham,Lilyana Moran,Nathaniel Graham commented on Lilyana Moran's photo,07-26-2023 08:47:20
375,Nathaniel Graham,Lilyana Moran,Lilyana Moran shared a post with Nathaniel Graham.,07-24-2023 23:43:07
376,Nathaniel Graham,Lilyana Moran,Lilyana Moran liked Nathaniel Graham's photo,07-24-2023 13:37:16
377,Nathaniel Graham,Lilyana Moran,Nathaniel Graham shared a post with Lilyana Moran.,07-24-2023 19:33:42
378,Nathaniel Graham,Lilyana Moran,Nathaniel Graham liked Lilyana Moran's photo,07-25-2023 17:20:22
379,Nathaniel Graham,Lilyana Moran,Lilyana Moran shared a post with Nathaniel Graham.,07-26-2023 20:18:24
380,Nathaniel Graham,Lilyana Moran,Nathaniel Graham liked Lilyana Moran's photo,07-27-2023 18:55:20
381,Nathaniel Graham,Abril Conway,Nathaniel Graham liked Abril Conway's photo,07-27-2023 04:20:49
382,Nathaniel Graham,Abril Conway,Nathaniel Graham messaged Abril Conway.,07-26-2023 05:12:19
383,Nathaniel Graham,Abril Conway,Nathaniel Graham commented on Abril Conway's photo,07-25-2023 08:03:52
384,Nathaniel Graham,Abril Conway,Abril Conway shared a post with Nathaniel Graham.,07-27-2023 01:49:39
385,Nathaniel Graham,Abril Conway,Abril Conway commented on Nathaniel Graham's photo,07-24-2023 14:10:38
386,Nathaniel Graham,Abril Conway,Nathaniel Graham commented on Abril Conway's photo,07-26-2023 01:00:52
387,Nathaniel Graham,Abril Conway,Nathaniel Graham shared a post with Abril Conway.,07-26-2023 08:02:23
388,Nathaniel Graham,Abril Conway,Nathaniel Graham shared a post with Abril Conway.,07-26-2023 22:57:48
389,Nathaniel Graham,Abril Conway,Abril Conway shared a post with Nathaniel Graham.,07-25-2023 17:34:47
390,Nathaniel Graham,Abril Conway,Abril Conway liked Nathaniel Graham's photo,07-25-2023 20:55:25
391,Nathaniel Graham,Abril Conway,Nathaniel Graham messaged Abril Conway.,07-26-2023 21:48:12
392,Nathaniel Graham,Abril Conway,Abril Conway commented on Nathaniel Graham's photo,07-25-2023 15:45:27
393,Nathaniel Graham,Brenden Webster,Nathaniel Graham messaged Brenden Webster.,07-24-2023 21:01:10
394,Nathaniel Graham,Brenden Webster,Nathaniel Graham messaged Brenden Webster.,07-25-2023 23:40:41
395,Nathaniel Graham,Brenden Webster,Brenden Webster commented on Nathaniel Graham's photo,07-25-2023 03:57:51
396,Nathaniel Graham,Brenden Webster,Nathaniel Graham commented on Brenden Webster's photo,07-26-2023 22:27:43
397,Nathaniel Graham,Brenden Webster,Nathaniel Graham shared a post with Brenden Webster.,07-24-2023 17:11:52
398,Brenden Webster,Maximo Blake,Maximo Blake liked Brenden Webster's photo,07-27-2023 01:46:08
399,Brenden Webster,Maximo Blake,Brenden Webster commented on Maximo Blake's photo,07-27-2023 21:59:21
400,Brenden Webster,Maximo Blake,Brenden Webster commented on Maximo Blake's photo,07-26-2023 00:52:12
401,Brenden Webster,Maximo Blake,Brenden Webster liked Maximo Blake's photo,07-26-2023 17:36:40
402,Brenden Webster,Maximo Blake,Brenden Webster messaged Maximo Blake.,07-26-2023 12:28:40
403,Brenden Webster,Maximo Blake,Maximo Blake messaged Brenden Webster.,07-24-2023 19:46:16
404,Brenden Webster,Maximo Blake,Maximo Blake messaged Brenden Webster.,07-26-2023 04:50:15
405,Brenden Webster,Maximo Blake,Maximo Blake messaged Brenden Webster.,07-26-2023 22:16:12
406,Brenden Webster,Maximo Blake,Maximo Blake liked Brenden Webster's photo,07-25-2023 18:09:38
407,Brenden Webster,Maximo Blake,Brenden Webster shared a post with Maximo Blake.,07-27-2023 19:58:32
408,Brenden Webster,Maximo Blake,Maximo Blake liked Brenden Webster's photo,07-26-2023 16:25:43
409,Brenden Webster,Maximo Blake,Brenden Webster messaged Maximo Blake.,07-26-2023 11:24:17
410,Brenden Webster,Maximo Blake,Maximo Blake messaged Brenden Webster.,07-27-2023 15:56:33
411,Brenden Webster,Maximo Blake,Maximo Blake shared a post with Brenden Webster.,07-27-2023 08:39:46
412,Brenden Webster,Maximo Blake,Brenden Webster messaged Maximo Blake.,07-25-2023 04:49:47
413,Maximo Blake,Jocelynn Moore,Jocelynn Moore messaged Maximo Blake.,07-25-2023 06:20:48
414,Maximo Blake,Jocelynn Moore,Maximo Blake shared a post with Jocelynn Moore.,07-26-2023 07:38:46
415,Maximo Blake,Jocelynn Moore,Maximo Blake commented on Jocelynn Moore's photo,07-27-2023 09:05:57
416,Maximo Blake,Jocelynn Moore,Maximo Blake commented on Jocelynn Moore's photo,07-26-2023 21:31:53
417,Maximo Blake,Jocelynn Moore,Jocelynn Moore messaged Maximo Blake.,07-27-2023 17:56:51
418,Maximo Blake,Jocelynn Moore,Maximo Blake liked Jocelynn Moore's photo,07-26-2023 20:35:23
419,Maximo Blake,Jocelynn Moore,Jocelynn Moore commented on Maximo Blake's photo,07-28-2023 09:12:52
420,Maximo Blake,Jocelynn Moore,Jocelynn Moore shared a post with Maximo Blake.,07-28-2023 05:57:11
421,Maximo Blake,Jocelynn Moore,Maximo Blake commented on Jocelynn Moore's photo,07-26-2023 23:39:57
422,Maximo Blake,Jocelynn Moore,Maximo Blake messaged Jocelynn Moore.,07-27-2023 05:19:01
423,Maximo Blake,Jocelynn Moore,Maximo Blake commented on Jocelynn Moore's photo,07-27-2023 09:05:02
424,Maximo Blake,Jocelynn Moore,Maximo Blake commented on Jocelynn Moore's photo,07-25-2023 20:11:18
425,Maximo Blake,Jocelynn Moore,Maximo Blake messaged Jocelynn Moore.,07-24-2023 11:59:37
426,Cali Walsh,Justice Dorsey,Cali Walsh messaged Justice Dorsey.,07-25-2023 05:33:36
427,Cali Walsh,Justice Dorsey,Cali Walsh shared a post with Justice Dorsey.,07-28-2023 05:53:37
428,Cali Walsh,Justice Dorsey,Justice Dorsey liked Cali Walsh's photo,07-26-2023 22:53:49
429,Cali Walsh,Justice Dorsey,Justice Dorsey commented on Cali Walsh's photo,07-25-2023 08:07:40
430,Cali Walsh,Justice Dorsey,Cali Walsh commented on Justice Dorsey's photo,07-26-2023 04:47:56
431,Cali Walsh,Justice Dorsey,Cali Walsh commented on Justice Dorsey's photo,07-24-2023 18:53:06
432,Cali Walsh,Justice Dorsey,Justice Dorsey commented on Cali Walsh's photo,07-25-2023 13:26:01
433,Cali Walsh,Justice Dorsey,Cali Walsh liked Justice Dorsey's photo,07-27-2023 17:06:22
434,Cali Walsh,Maximo Blake,Cali Walsh commented on Maximo Blake's photo,07-24-2023 12:07:42
435,Cali Walsh,Maximo Blake,Cali Walsh messaged Maximo Blake.,07-26-2023 13:20:07
436,Cali Walsh,Maximo Blake,Cali Walsh messaged Maximo Blake.,07-27-2023 13:56:17
437,Cali Walsh,Maximo Blake,Cali Walsh shared a post with Maximo Blake.,07-24-2023 22:08:55
438,Cali Walsh,Maximo Blake,Cali Walsh shared a post with Maximo Blake.,07-26-2023 11:01:03
